{
  "project_info": {
    "project_number": "406196982742",
    "project_id": "database32-b279a",
    "storage_bucket": "database32-b279a.appspot.com"
  },
  "client": [
    {
      "client_info": {
        "mobilesdk_app_id": "1:406196982742:android:c2f2067b4a190a869c0a77",
        "android_client_info": {
          "package_name": "com.example.mybookstore"
        }
      },
      "oauth_client": [],
      "api_key": [
        {
          "current_key": "AIzaSyCTJ-kaVwgEGOY0gOm9RDPEDS1eRvnhOhk"
        }
      ],
      "services": {
        "appinvite_service": {
          "other_platform_oauth_client": []
        }
      }
    }
  ],
  "configuration_version": "1"
}